[
  {
    "_id": "5c7bf491aaa48c3a6d06f314",
    "name": "fleet 1",
    "vessels": [
      {
        "value": 7826416.633289713,
        "_id": "5498517ab68ca1ede0612bba"
      },
      {
        "value": 7650112.124972919,
        "_id": "5498517ab68ca1ede0612c1f"
      },
      {
        "value": 6890161.706587701,
        "_id": "5498517ab68ca1ede0612c20"
      }
    ]
  },

  {
    "_id": "5c7bf491aaa48c3a6d06f319",
    "name": "fleet 2",
    "vessels": [
      {
        "value": 22895266.27275767,
        "_id": "5498517ab68ca1ede0612bba"
      },
      {
        "value": 20724685.590398643,
        "_id": "5498517ab68ca1ede0612dfc"
      }
    ]
  },

  {
    "_id": "5c7bf491aaa48c3a6d06f31a",
    "name": "fleet 3",
    "vessels": [
      {
        "value": 16206887.94674207,
        "_id": "5498517ab68ca1ede0612bba"
      },
      {
        "value": 17995182.01369001,
        "_id": "5498517ab68ca1ede0612dfc"
      },
      {
        "value": 23308282.54891014,
        "_id": "5498517ab68ca1ede0612e59"
      },
      {
        "value": 17995182.01369001,
        "_id": "5498517ab68ca1ede0612e64"
      }
    ]
  },

  {
    "_id": "5c7bf491aaa48c3a6d06f320",
    "name": "fleet 4",
    "vessels": [
      {
        "value": 24813975.188330725,
        "_id": "5498517ab68ca1ede0612bba"
      },
      {
        "value": 13936474.480394011,
        "_id": "5498517ab68ca1ede0612ff1"
      }
    ]
  },

  {
    "_id": "5c7bf492aaa48c3a6d06f34f",
    "name": "fleet 5",
    "vessels": [
      {
        "value": 30707568,
        "_id": "5498517ab68ca1ede0612bba"
      },
      {
        "value": 7908935.505272818,
        "_id": "5498517ab68ca1ede0612ff1"
      },
      {
        "value": 30707568,
        "_id": "5498517ab68ca1ede0613028"
      },
      {
        "value": 12579323.096203435,
        "_id": "5498517ab68ca1ede0613369"
      },
      {
        "value": 9977773.41029904,
        "_id": "5498517bb68ca1ede0613449"
      }
    ]
  },

  {
    "_id": "5c7bf492aaa48c3a6d06f351",
    "name": "fleet 6",
    "vessels": [
      {
        "value": 4188659.5497895204,
        "_id": "5498517ab68ca1ede0612bba"
      },
      {
        "value": 10721135.170813156,
        "_id": "5498517ab68ca1ede06132e5"
      },
      {
        "value": 18590053.859715994,
        "_id": "5498517ab68ca1ede0613369"
      }
    ]
  },

  {
    "_id": "5c7bf492aaa48c3a6d06f355",
    "name": "fleet 7",
    "vessels": [
      {
        "value": 15387375.335208148,
        "_id": "5498517ab68ca1ede0612bba"
      },
      {
        "value": 7408769.217544921,
        "_id": "5498517ab68ca1ede0613052"
      }
    ]
  },

  {
    "_id": "5c7bf492aaa48c3a6d06f367",
    "name": "fleet 8",
    "vessels": [
      {
        "value": 5445831.662485667,
        "_id": "5498517ab68ca1ede0612bba"
      },
      {
        "value": 30707568,
        "_id": "5498517ab68ca1ede0612e59"
      },
      {
        "value": 3727997.6523315557,
        "_id": "5498517ab68ca1ede0613052"
      },
      {
        "value": 3619446.9787023705,
        "_id": "5498517ab68ca1ede06132e5"
      }
    ]
  }
]
