[
  {
    "_id": "54bf98a4e4b051912a55d8de",
    "lastpos": {
      "ts": "2015-10-10T21:02:30.000Z",
      "geometry": {
        "type": "Point",
        "coordinates": [
          121.7127456665039,
          28.35652923583984
        ]
      },
      "sog": 9.5,
      "navs": 0,
      "course": 266.1000061035156
    }
  },
  {
    "_id": "54bf9cc1e4b0e5139daf71b8",
    "lastpos": {
      "ts": "2015-10-11T05:13:51.000Z",
      "geometry": {
        "type": "Point",
        "coordinates": [
          121.4167251586914,
          31.49385261535645
        ]
      },
      "sog": 0,
      "navs": 99,
      "course": 192.3000030517578
    }
  },
  {
    "_id": "54bfa12fe4b0a53403ad4dfe",
    "lastpos": {
      "ts": "2015-10-10T23:02:44.000Z",
      "geometry": {
        "type": "Point",
        "coordinates": [
          120.4885101318359,
          32.06935882568359
        ]
      },
      "sog": 0,
      "navs": 0,
      "course": 105.6999969482422
    }
  },
  {
    "_id": "54bf9926e4b0780294b8410d",
    "lastpos": {
      "ts": "2015-10-10T21:31:25.000Z",
      "geometry": {
        "type": "Point",
        "coordinates": [
          121.4707870483398,
          31.0776538848877
        ]
      },
      "sog": 0,
      "navs": 99,
      "course": 291.7999877929688
    }
  },
  {
    "_id": "55b4d89ce4b0b6a7f4e09a52",
    "lastpos": {
      "ts": "2015-10-10T11:53:48.000Z",
      "geometry": {
        "type": "Point",
        "coordinates": [
          18.09592247009277,
          47.75339126586914
        ]
      },
      "sog": 0.1000000014901161,
      "navs": 5,
      "course": 196.1999969482422
    }
  },
  {
    "_id": "55fe4193e4b006a2b5de497b",
    "lastpos": {
      "ts": "2015-10-10T13:01:30.000Z",
      "geometry": {
        "type": "Point",
        "coordinates": [
          121.8188171386719,
          40.00040054321289
        ]
      },
      "sog": 0.800000011920929,
      "navs": 99,
      "course": 112
    }
  },
  {
    "_id": "5498517ab68ca1ede0612bba",
    "lastpos": {
      "ts": "2015-10-11T05:22:11.000Z",
      "geometry": {
        "type": "Point",
        "coordinates": [
          14.2415599822998,
          40.55745697021484
        ]
      },
      "sog": 3.200000047683716,
      "navs": 0,
      "course": 134.1999969482422
    }
  },
  {
    "_id": "5498517ab68ca1ede0612c1f",
    "lastpos": {
      "ts": "2015-10-11T03:53:12.000Z",
      "geometry": {
        "type": "Point",
        "coordinates": [
          29.11272239685059,
          36.62507247924805
        ]
      },
      "sog": 0,
      "navs": 99,
      "course": 0
    }
  },
  {
    "_id": "5498517ab68ca1ede0612c20",
    "lastpos": {
      "ts": "2015-10-11T05:34:51.000Z",
      "geometry": {
        "type": "Point",
        "coordinates": [
          29.05392646789551,
          41.08075714111328
        ]
      },
      "sog": 0,
      "navs": 99,
      "course": 0
    }
  },
  {
    "_id": "54bf9cbae4b02f08cc33a694",
    "lastpos": {
      "ts": "2015-10-11T00:07:10.000Z",
      "geometry": {
        "type": "Point",
        "coordinates": [
          121.4575119018555,
          31.11298942565918
        ]
      },
      "sog": 0,
      "navs": 99,
      "course": 202.3999938964844
    }
  },
  {
    "_id": "54bf9cbfe4b0e5139daf70cb",
    "lastpos": {
      "ts": "2015-10-11T05:29:43.000Z",
      "geometry": {
        "type": "Point",
        "coordinates": [
          136.9390258789062,
          34.87745666503906
        ]
      },
      "sog": 0,
      "navs": 15,
      "course": 275.2000122070312
    }
  },
  {
    "_id": "54bf9cb6e4b0d98275730703",
    "lastpos": {
      "ts": "2015-10-10T17:01:50.000Z",
      "geometry": {
        "type": "Point",
        "coordinates": [
          122.811637878418,
          30.71671676635742
        ]
      },
      "sog": 0,
      "navs": 99,
      "course": 97.19999694824219
    }
  },
  {
    "_id": "54bf9cc1e4b0a75d364e8a50",
    "lastpos": {
      "ts": "2015-10-11T05:34:19.000Z",
      "geometry": {
        "type": "Point",
        "coordinates": [
          136.6610412597656,
          34.99745559692383
        ]
      },
      "sog": 0,
      "navs": 99,
      "course": 0
    }
  },
  {
    "_id": "54bf9cc5e4b0a75d364e8c5e",
    "lastpos": {
      "ts": "2015-10-10T18:33:30.000Z",
      "geometry": {
        "type": "Point",
        "coordinates": [
          121.8330917358398,
          25.23576545715332
        ]
      },
      "sog": 10.39999961853027,
      "navs": 99,
      "course": 191.3999938964844
    }
  },
  {
    "_id": "54bf9cb9e4b0d9827573084a",
    "lastpos": {
      "ts": "2015-10-10T22:17:34.000Z",
      "geometry": {
        "type": "Point",
        "coordinates": [
          121.30029296875,
          32.05601119995117
        ]
      },
      "sog": 4.599999904632568,
      "navs": 99,
      "course": 88.30000305175781
    }
  },
  {
    "_id": "54bf9cbae4b02f08cc33a69d",
    "lastpos": {
      "ts": "2015-10-11T05:33:31.000Z",
      "geometry": {
        "type": "Point",
        "coordinates": [
          122.4465637207031,
          30.74825668334961
        ]
      },
      "sog": 0.1000000014901161,
      "navs": 99,
      "course": 0
    }
  },
  {
    "_id": "54bfb118e4b073ee6951b9f2",
    "lastpos": {
      "ts": "2015-10-11T03:40:13.000Z",
      "geometry": {
        "type": "Point",
        "coordinates": [
          144.9213714599609,
          -37.85154342651367
        ]
      },
      "sog": 1.899999976158142,
      "navs": 99,
      "course": 153
    }
  },
  {
    "_id": "54bfacf4e4b06108bdaa1e93",
    "lastpos": {
      "ts": "2015-10-11T05:22:51.000Z",
      "geometry": {
        "type": "Point",
        "coordinates": [
          -6.067221641540527,
          53.38940811157227
        ]
      },
      "sog": 0,
      "navs": 99,
      "course": 297.7000122070312
    }
  },
  {
    "_id": "54bfb971e4b09da34bd0fa90",
    "lastpos": {
      "ts": "2015-10-10T20:16:53.000Z",
      "geometry": {
        "type": "Point",
        "coordinates": [
          120.6247711181641,
          30.97579574584961
        ]
      },
      "sog": 3.900000095367432,
      "navs": 99,
      "course": 182.3999938964844
    }
  },
  {
    "_id": "54c0abd9e4b0d4fdcb165f5e",
    "lastpos": {
      "ts": "2015-10-10T06:02:31.000Z",
      "geometry": {
        "type": "Point",
        "coordinates": [
          -0.07049666345119476,
          -7.317356586456299
        ]
      },
      "sog": 12.69999980926514,
      "navs": 0,
      "course": 265.7000122070312
    }
  },
  {
    "_id": "54ee1c63e4b04bc223c9e02e",
    "lastpos": {
      "ts": "2015-10-10T13:47:21.000Z",
      "geometry": {
        "type": "Point",
        "coordinates": [
          4.77957010269165,
          52.5194206237793
        ]
      },
      "sog": 0,
      "navs": 15,
      "course": 0
    }
  },
  {
    "_id": "54bfafd2e4b0ac321105d81a",
    "lastpos": {
      "ts": "2015-10-11T03:57:12.000Z",
      "geometry": {
        "type": "Point",
        "coordinates": [
          -58.81919860839844,
          -33.62688827514648
        ]
      },
      "sog": 11.89999961853027,
      "navs": 0,
      "course": 245.3000030517578
    }
  },
  {
    "_id": "5513c6a5e4b0def4931b57c4",
    "lastpos": {
      "ts": "2015-10-11T04:52:27.000Z",
      "geometry": {
        "type": "Point",
        "coordinates": [
          -133.6646881103516,
          -31.8013744354248
        ]
      },
      "sog": 3.5,
      "navs": 99,
      "course": 298.6000061035156
    }
  },
  {
    "_id": "55550cfce4b0a64d95cde75b",
    "lastpos": {
      "ts": "2015-10-11T03:41:04.000Z",
      "geometry": {
        "type": "Point",
        "coordinates": [
          0.0005050000036135316,
          59.32913589477539
        ]
      },
      "sog": 0,
      "navs": 15,
      "course": 194.6000061035156
    }
  },
  {
    "_id": "55adae4fe4b00d205e9c45ea",
    "lastpos": {
      "ts": "2015-10-10T10:05:24.000Z",
      "geometry": {
        "type": "Point",
        "coordinates": [
          126.35888671875,
          34.80100631713867
        ]
      },
      "sog": 0,
      "navs": 15,
      "course": 307.7000122070312
    }
  },
  {
    "_id": "5498517ab68ca1ede0612d0a",
    "lastpos": {
      "ts": "2015-10-11T05:33:48.000Z",
      "geometry": {
        "type": "Point",
        "coordinates": [
          29.04710388183594,
          41.07907485961914
        ]
      },
      "sog": 0.1000000014901161,
      "navs": 99,
      "course": 119.5999984741211
    }
  },
  {
    "_id": "5498517ab68ca1ede0612dfc",
    "lastpos": {
      "ts": "2015-10-11T03:50:52.000Z",
      "geometry": {
        "type": "Point",
        "coordinates": [
          14.49957656860352,
          35.90101623535156
        ]
      },
      "sog": 0,
      "navs": 99,
      "course": 42.79999923706055
    }
  },
  {
    "_id": "5498517ab68ca1ede0612e59",
    "lastpos": {
      "ts": "2015-10-11T04:25:11.000Z",
      "geometry": {
        "type": "Point",
        "coordinates": [
          29.04979705810547,
          41.07965469360352
        ]
      },
      "sog": 0,
      "navs": 99,
      "course": 2.900000095367432
    }
  },
  {
    "_id": "5498517ab68ca1ede0612e64",
    "lastpos": {
      "ts": "2015-10-10T13:47:24.000Z",
      "geometry": {
        "type": "Point",
        "coordinates": [
          29.00045967102051,
          40.8673210144043
        ]
      },
      "sog": 8.600000381469727,
      "navs": 15,
      "course": 64.19999694824219
    }
  },
  {
    "_id": "5498517ab68ca1ede0612f03",
    "lastpos": {
      "ts": "2015-10-11T05:24:11.000Z",
      "geometry": {
        "type": "Point",
        "coordinates": [
          29.27474975585938,
          40.83867645263672
        ]
      },
      "sog": 0,
      "navs": 15,
      "course": 0
    }
  },
  {
    "_id": "5498517ab68ca1ede0612ff1",
    "lastpos": {
      "ts": "2015-10-11T05:04:15.000Z",
      "geometry": {
        "type": "Point",
        "coordinates": [
          55.18962097167969,
          25.14321708679199
        ]
      },
      "sog": 0,
      "navs": 99,
      "course": 307.8999938964844
    }
  },
  {
    "_id": "5498517ab68ca1ede0613028",
    "lastpos": {
      "ts": "2015-10-11T05:27:19.000Z",
      "geometry": {
        "type": "Point",
        "coordinates": [
          29.19898796081543,
          40.8800048828125
        ]
      },
      "sog": 0,
      "navs": 15,
      "course": 28.39999961853027
    }
  },
  {
    "_id": "54bf8260e4b07a939cf5787c",
    "lastpos": {
      "ts": "2015-10-11T03:55:38.000Z",
      "geometry": {
        "type": "Point",
        "coordinates": [
          117.6108322143555,
          -0.6287183165550232
        ]
      },
      "sog": 0.1000000014901161,
      "navs": 99,
      "course": 262.2000122070312
    }
  },
  {
    "_id": "54bf99cee4b021afb1a981fc",
    "lastpos": {
      "ts": "2015-10-10T04:59:36.000Z",
      "geometry": {
        "type": "Point",
        "coordinates": [
          117.9541091918945,
          24.39982604980469
        ]
      },
      "sog": 2.400000095367432,
      "navs": 99,
      "course": 56.09999847412109
    }
  },
  {
    "_id": "54bf9a55e4b0f0fd01820741",
    "lastpos": {
      "ts": "2015-10-10T07:28:11.000Z",
      "geometry": {
        "type": "Point",
        "coordinates": [
          52.56787109375,
          24.18242073059082
        ]
      },
      "sog": 1.5,
      "navs": 99,
      "course": 182.6000061035156
    }
  },
  {
    "_id": "54bf97f7e4b09768975e62b2",
    "lastpos": {
      "ts": "2015-10-11T05:31:51.000Z",
      "geometry": {
        "type": "Point",
        "coordinates": [
          145.1263885498047,
          -38.07099914550781
        ]
      },
      "sog": 2.900000095367432,
      "navs": 99,
      "course": 56.70000076293945
    }
  },
  {
    "_id": "54bf9a51e4b0f0fd018205c9",
    "lastpos": {
      "ts": "2015-10-11T05:03:00.000Z",
      "geometry": {
        "type": "Point",
        "coordinates": [
          120.7077407836914,
          32.01055908203125
        ]
      },
      "sog": 5.900000095367432,
      "navs": 99,
      "course": 256.1000061035156
    }
  },
  {
    "_id": "54bf9630e4b06c819f24d301",
    "lastpos": {
      "ts": "2015-10-11T03:46:24.000Z",
      "geometry": {
        "type": "Point",
        "coordinates": [
          5.141156673431396,
          51.73678970336914
        ]
      },
      "sog": 0.1000000014901161,
      "navs": 99,
      "course": 334.2999877929688
    }
  },
  {
    "_id": "54bf962ce4b06c819f24d129",
    "lastpos": {
      "ts": "2015-10-11T05:07:35.000Z",
      "geometry": {
        "type": "Point",
        "coordinates": [
          133.6769866943359,
          34.51446533203125
        ]
      },
      "sog": 0,
      "navs": 99,
      "course": 0
    }
  },
  {
    "_id": "54bf8265e4b0ff0563cd2554",
    "lastpos": {
      "ts": "2015-10-11T04:53:18.000Z",
      "geometry": {
        "type": "Point",
        "coordinates": [
          -90.20789337158203,
          29.14779472351074
        ]
      },
      "sog": 4.199999809265137,
      "navs": 15,
      "course": 287.7999877929688
    }
  },
  {
    "_id": "54bf9cc2e4b0d98275730d20",
    "lastpos": {
      "ts": "2015-10-11T05:24:47.000Z",
      "geometry": {
        "type": "Point",
        "coordinates": [
          122.265739440918,
          29.94493675231934
        ]
      },
      "sog": 0,
      "navs": 99,
      "course": 0
    }
  },
  {
    "_id": "54bf9cb9e4b0a75d364e8682",
    "lastpos": {
      "ts": "2015-10-10T16:15:50.000Z",
      "geometry": {
        "type": "Point",
        "coordinates": [
          27.39574241638184,
          70.91431427001953
        ]
      },
      "sog": 0.4000000059604645,
      "navs": 99,
      "course": 282.7000122070312
    }
  },
  {
    "_id": "54bf9cc8e4b0e5139daf7596",
    "lastpos": {
      "ts": "2015-10-11T05:07:51.000Z",
      "geometry": {
        "type": "Point",
        "coordinates": [
          -61.52434539794922,
          16.21782112121582
        ]
      },
      "sog": 0,
      "navs": 99,
      "course": 235.6000061035156
    }
  },
  {
    "_id": "54bf9cbde4b0a75d364e883a",
    "lastpos": {
      "ts": "2015-10-10T11:02:17.000Z",
      "geometry": {
        "type": "Point",
        "coordinates": [
          -122.1551208496094,
          38.04496002197266
        ]
      },
      "sog": 0,
      "navs": 99,
      "course": 0
    }
  },
  {
    "_id": "54bf9cc6e4b0e5139daf747a",
    "lastpos": {
      "ts": "2015-10-11T04:22:30.000Z",
      "geometry": {
        "type": "Point",
        "coordinates": [
          122.4123153686523,
          29.92204475402832
        ]
      },
      "sog": 0.1000000014901161,
      "navs": 99,
      "course": 83.90000152587891
    }
  },
  {
    "_id": "54bf9cc6e4b02f08cc33ac79",
    "lastpos": {
      "ts": "2015-10-10T12:36:01.000Z",
      "geometry": {
        "type": "Point",
        "coordinates": [
          120.8203735351562,
          30.82802581787109
        ]
      },
      "sog": 0,
      "navs": 99,
      "course": 0
    }
  },
  {
    "_id": "54bf9cb8e4b02f08cc33a582",
    "lastpos": {
      "ts": "2015-10-10T21:13:58.000Z",
      "geometry": {
        "type": "Point",
        "coordinates": [
          120.5516967773438,
          32.05429840087891
        ]
      },
      "sog": 4.400000095367432,
      "navs": 99,
      "course": 296.7000122070312
    }
  },
  {
    "_id": "54bf9cb5e4b0e5139daf6bf0",
    "lastpos": {
      "ts": "2015-10-11T05:36:31.000Z",
      "geometry": {
        "type": "Point",
        "coordinates": [
          123.3179092407227,
          30.31150817871094
        ]
      },
      "sog": 3.200000047683716,
      "navs": 99,
      "course": 183.6999969482422
    }
  },
  {
    "_id": "54bf9cc7e4b0d98275730f81",
    "lastpos": {
      "ts": "2015-10-11T02:06:45.000Z",
      "geometry": {
        "type": "Point",
        "coordinates": [
          120.8661804199219,
          27.82168388366699
        ]
      },
      "sog": 0.1000000014901161,
      "navs": 99,
      "course": 124.8000030517578
    }
  },
  {
    "_id": "54bf9cc3e4b02f08cc33aaf7",
    "lastpos": {
      "ts": "2015-10-11T05:26:47.000Z",
      "geometry": {
        "type": "Point",
        "coordinates": [
          121.6721649169922,
          28.17989158630371
        ]
      },
      "sog": 8.899999618530273,
      "navs": 99,
      "course": 117.0999984741211
    }
  },
  {
    "_id": "54bf9cb3e4b0e5139daf6b4f",
    "lastpos": {
      "ts": "2015-10-10T09:34:15.000Z",
      "geometry": {
        "type": "Point",
        "coordinates": [
          121.7638931274414,
          29.99208641052246
        ]
      },
      "sog": 9.699999809265137,
      "navs": 99,
      "course": 210.8000030517578
    }
  },
  {
    "_id": "54bf9ccbe4b0e5139daf76f9",
    "lastpos": {
      "ts": "2015-10-11T04:15:54.000Z",
      "geometry": {
        "type": "Point",
        "coordinates": [
          121.5118255615234,
          30.92834091186523
        ]
      },
      "sog": 2.299999952316284,
      "navs": 99,
      "course": 262
    }
  },
  {
    "_id": "54bfa1d4e4b00d1398e0d257",
    "lastpos": {
      "ts": "2015-10-11T01:55:52.000Z",
      "geometry": {
        "type": "Point",
        "coordinates": [
          121.7867431640625,
          31.36091995239258
        ]
      },
      "sog": 0,
      "navs": 99,
      "course": 318.7000122070312
    }
  },
  {
    "_id": "54bfa5d5e4b0f4fdb0577b27",
    "lastpos": {
      "ts": "2015-10-11T05:31:59.000Z",
      "geometry": {
        "type": "Point",
        "coordinates": [
          122.5295562744141,
          30.74561882019043
        ]
      },
      "sog": 7.300000190734863,
      "navs": 99,
      "course": 21.79999923706055
    }
  },
  {
    "_id": "54bfb3bee4b023983958afdb",
    "lastpos": {
      "ts": "2015-10-10T02:46:22.000Z",
      "geometry": {
        "type": "Point",
        "coordinates": [
          128.4586181640625,
          34.84825897216797
        ]
      },
      "sog": 3.299999952316284,
      "navs": 99,
      "course": 197.6999969482422
    }
  },
  {
    "_id": "54bf9bade4b0b5b9bf14d5b7",
    "lastpos": {
      "ts": "2015-10-10T18:08:20.000Z",
      "geometry": {
        "type": "Point",
        "coordinates": [
          -120.8582611083984,
          35.37094497680664
        ]
      },
      "sog": 0,
      "navs": 99,
      "course": 0
    }
  },
  {
    "_id": "54bf9dbbe4b0d98275731212",
    "lastpos": {
      "ts": "2015-10-11T05:29:27.000Z",
      "geometry": {
        "type": "Point",
        "coordinates": [
          122.2653274536133,
          29.94630241394043
        ]
      },
      "sog": 0.1000000014901161,
      "navs": 99,
      "course": 28.70000076293945
    }
  },
  {
    "_id": "54bf9dcbe4b0a75d364e958b",
    "lastpos": {
      "ts": "2015-10-11T03:35:57.000Z",
      "geometry": {
        "type": "Point",
        "coordinates": [
          20.93472290039062,
          69.92837524414062
        ]
      },
      "sog": 0,
      "navs": 99,
      "course": 234.6999969482422
    }
  },
  {
    "_id": "54bfb973e4b043ec0928df32",
    "lastpos": {
      "ts": "2015-10-11T05:08:40.000Z",
      "geometry": {
        "type": "Point",
        "coordinates": [
          121.3251190185547,
          30.9826831817627
        ]
      },
      "sog": 6.099999904632568,
      "navs": 99,
      "course": 69.80000305175781
    }
  },
  {
    "_id": "54bfbb4de4b096321cda848f",
    "lastpos": {
      "ts": "2015-10-11T03:30:12.000Z",
      "geometry": {
        "type": "Point",
        "coordinates": [
          105.5162506103516,
          28.87597465515137
        ]
      },
      "sog": 0,
      "navs": 99,
      "course": 0
    }
  },
  {
    "_id": "54bfb476e4b023983958b263",
    "lastpos": {
      "ts": "2015-10-10T19:31:16.000Z",
      "geometry": {
        "type": "Point",
        "coordinates": [
          1.408873319625854,
          -21.9859504699707
        ]
      },
      "sog": 0.2000000029802322,
      "navs": 1,
      "course": 330.5
    }
  },
  {
    "_id": "54bf9dd1e4b0e5139daf8078",
    "lastpos": {
      "ts": "2015-10-11T05:11:16.000Z",
      "geometry": {
        "type": "Point",
        "coordinates": [
          121.1446151733398,
          27.82066917419434
        ]
      },
      "sog": 0,
      "navs": 99,
      "course": 346.3999938964844
    }
  },
  {
    "_id": "54bf9630e4b002c3423fc11a",
    "lastpos": {
      "ts": "2015-10-11T02:01:28.000Z",
      "geometry": {
        "type": "Point",
        "coordinates": [
          5.346825122833252,
          51.76797103881836
        ]
      },
      "sog": 0,
      "navs": 4,
      "course": 0
    }
  },
  {
    "_id": "54bf9a54e4b021afb1a984ff",
    "lastpos": {
      "ts": "2015-10-10T06:48:24.000Z",
      "geometry": {
        "type": "Point",
        "coordinates": [
          3.7906334400177,
          51.9959831237793
        ]
      },
      "sog": 6.199999809265137,
      "navs": 0,
      "course": 119
    }
  },
  {
    "_id": "54d39ba7e4b096223a1b0ef5",
    "lastpos": {
      "ts": "2015-10-11T04:46:44.000Z",
      "geometry": {
        "type": "Point",
        "coordinates": [
          112.8583374023438,
          -6.463736534118652
        ]
      },
      "sog": 7.099999904632568,
      "navs": 0,
      "course": 233.3000030517578
    }
  },
  {
    "_id": "54bfca21e4b09a6e32c27855",
    "lastpos": {
      "ts": "2015-10-10T05:00:28.000Z",
      "geometry": {
        "type": "Point",
        "coordinates": [
          0.007481666747480631,
          51.87160873413086
        ]
      },
      "sog": 0,
      "navs": 15,
      "course": 166.5
    }
  },
  {
    "_id": "54e252f6e4b0b96b61c7c409",
    "lastpos": {
      "ts": "2015-10-10T04:34:49.000Z",
      "geometry": {
        "type": "Point",
        "coordinates": [
          -6.94074821472168,
          56.72043991088867
        ]
      },
      "sog": 4.699999809265137,
      "navs": 0,
      "course": 44.5
    }
  },
  {
    "_id": "54e38122e4b049a5cbe13493",
    "lastpos": {
      "ts": "2015-10-10T22:10:58.000Z",
      "geometry": {
        "type": "Point",
        "coordinates": [
          -122.4561157226562,
          37.80962753295898
        ]
      },
      "sog": 2,
      "navs": 99,
      "course": 91.19999694824219
    }
  },
  {
    "_id": "54bfc728e4b0616a5e4943aa",
    "lastpos": {
      "ts": "2015-10-10T15:45:19.000Z",
      "geometry": {
        "type": "Point",
        "coordinates": [
          -4.874616622924805,
          55.91017150878906
        ]
      },
      "sog": 0,
      "navs": 99,
      "course": 0
    }
  },
  {
    "_id": "54c44752e4b0ea80b613a271",
    "lastpos": {
      "ts": "2015-10-10T06:14:27.000Z",
      "geometry": {
        "type": "Point",
        "coordinates": [
          0.007410000078380108,
          51.82607650756836
        ]
      },
      "sog": 0,
      "navs": 15,
      "course": 221
    }
  },
  {
    "_id": "54fe3b81e4b0acd0ddea4421",
    "lastpos": {
      "ts": "2015-10-10T11:37:58.000Z",
      "geometry": {
        "type": "Point",
        "coordinates": [
          -1.267841696739197,
          50.79926300048828
        ]
      },
      "sog": 4.699999809265137,
      "navs": 99,
      "course": 92.80000305175781
    }
  },
  {
    "_id": "551d0c31e4b06f88fc2d9bb4",
    "lastpos": {
      "ts": "2015-10-10T15:55:31.000Z",
      "geometry": {
        "type": "Point",
        "coordinates": [
          4.84296989440918,
          52.418212890625
        ]
      },
      "sog": 7,
      "navs": 0,
      "course": 280.2999877929688
    }
  },
  {
    "_id": "54bfacece4b07f775a754844",
    "lastpos": {
      "ts": "2015-10-10T05:46:41.000Z",
      "geometry": {
        "type": "Point",
        "coordinates": [
          4.200601577758789,
          51.90715408325195
        ]
      },
      "sog": 7.099999904632568,
      "navs": 0,
      "course": 130.6999969482422
    }
  },
  {
    "_id": "554c9e0ce4b01e9eb1e54ff3",
    "lastpos": {
      "ts": "2015-10-10T14:32:15.000Z",
      "geometry": {
        "type": "Point",
        "coordinates": [
          2.361083269119263,
          51.04016494750977
        ]
      },
      "sog": 0,
      "navs": 15,
      "course": 13.69999980926514
    }
  },
  {
    "_id": "555f25e0e4b022d8fa5f40e7",
    "lastpos": {
      "ts": "2015-10-10T17:03:22.000Z",
      "geometry": {
        "type": "Point",
        "coordinates": [
          4.147671699523926,
          51.95766830444336
        ]
      },
      "sog": 0,
      "navs": 0,
      "course": 0
    }
  },
  {
    "_id": "55849081e4b0ae61f2fc66ad",
    "lastpos": {
      "ts": "2015-10-10T13:51:00.000Z",
      "geometry": {
        "type": "Point",
        "coordinates": [
          4.91115665435791,
          52.37363815307617
        ]
      },
      "sog": 0,
      "navs": 0,
      "course": 302.2000122070312
    }
  },
  {
    "_id": "5498517ab68ca1ede0613052",
    "lastpos": {
      "ts": "2015-10-10T18:25:50.000Z",
      "geometry": {
        "type": "Point",
        "coordinates": [
          26.3001823425293,
          38.32195663452148
        ]
      },
      "sog": 0,
      "navs": 99,
      "course": 0
    }
  },
  {
    "_id": "5498517ab68ca1ede0613269",
    "lastpos": {
      "ts": "2015-10-11T05:03:47.000Z",
      "geometry": {
        "type": "Point",
        "coordinates": [
          50.64040374755859,
          26.21678924560547
        ]
      },
      "sog": 5.599999904632568,
      "navs": 99,
      "course": 15.89999961853027
    }
  },
  {
    "_id": "5498517ab68ca1ede06132e5",
    "lastpos": {
      "ts": "2015-10-11T03:45:04.000Z",
      "geometry": {
        "type": "Point",
        "coordinates": [
          56.35742568969727,
          25.17000579833984
        ]
      },
      "sog": 0,
      "navs": 0,
      "course": 0
    }
  },
  {
    "_id": "5498517ab68ca1ede0613369",
    "lastpos": {
      "ts": "2015-10-11T03:42:28.000Z",
      "geometry": {
        "type": "Point",
        "coordinates": [
          26.84263610839844,
          38.52107620239258
        ]
      },
      "sog": 0,
      "navs": 99,
      "course": 0
    }
  },
  {
    "_id": "5498517bb68ca1ede061340e",
    "lastpos": {
      "ts": "2015-10-11T03:30:43.000Z",
      "geometry": {
        "type": "Point",
        "coordinates": [
          55.33098983764648,
          25.24507141113281
        ]
      },
      "sog": 0,
      "navs": 99,
      "course": 327.2000122070312
    }
  },
  {
    "_id": "5498517bb68ca1ede0613449",
    "lastpos": {
      "ts": "2015-10-11T05:21:23.000Z",
      "geometry": {
        "type": "Point",
        "coordinates": [
          14.51979351043701,
          35.88794326782227
        ]
      },
      "sog": 0,
      "navs": 99,
      "course": 274.5
    }
  },
  {
    "_id": "5498517bb68ca1ede0613454",
    "lastpos": {
      "ts": "2015-10-11T05:29:23.000Z",
      "geometry": {
        "type": "Point",
        "coordinates": [
          7.082781791687012,
          43.56710815429688
        ]
      },
      "sog": 0,
      "navs": 99,
      "course": 300.3999938964844
    }
  },
  {
    "_id": "5498517bb68ca1ede0613494",
    "lastpos": {
      "ts": "2015-10-11T01:48:00.000Z",
      "geometry": {
        "type": "Point",
        "coordinates": [
          55.06045150756836,
          25.04047012329102
        ]
      },
      "sog": 0,
      "navs": 0,
      "course": 140.8999938964844
    }
  },
  {
    "_id": "5498517bb68ca1ede06134d6",
    "lastpos": {
      "ts": "2015-10-11T04:32:50.000Z",
      "geometry": {
        "type": "Point",
        "coordinates": [
          28.57844924926758,
          40.80704498291016
        ]
      },
      "sog": 11.39999961853027,
      "navs": 15,
      "course": 21.39999961853027
    }
  },
  {
    "_id": "5498517bb68ca1ede06137de",
    "lastpos": {
      "ts": "2015-10-10T20:56:42.000Z",
      "geometry": {
        "type": "Point",
        "coordinates": [
          24.22109985351562,
          37.66913223266602
        ]
      },
      "sog": 2.799999952316284,
      "navs": 15,
      "course": 203.3000030517578
    }
  },
  {
    "_id": "5498517bb68ca1ede0613856",
    "lastpos": {
      "ts": "2015-10-11T05:21:11.000Z",
      "geometry": {
        "type": "Point",
        "coordinates": [
          29.04157638549805,
          41.06548309326172
        ]
      },
      "sog": 0.1000000014901161,
      "navs": 99,
      "course": 107.0999984741211
    }
  },
  {
    "_id": "5498517bb68ca1ede061393b",
    "lastpos": {
      "ts": "2015-10-10T22:57:06.000Z",
      "geometry": {
        "type": "Point",
        "coordinates": [
          50.14165496826172,
          26.46245765686035
        ]
      },
      "sog": 0,
      "navs": 15,
      "course": 4.300000190734863
    }
  },
  {
    "_id": "5498517bb68ca1ede06139d2",
    "lastpos": {
      "ts": "2015-10-10T17:50:19.000Z",
      "geometry": {
        "type": "Point",
        "coordinates": [
          15.81383037567139,
          38.29949188232422
        ]
      },
      "sog": 0,
      "navs": 15,
      "course": 104.5999984741211
    }
  },
  {
    "_id": "5498517bb68ca1ede0613a10",
    "lastpos": {
      "ts": "2015-10-11T00:36:46.000Z",
      "geometry": {
        "type": "Point",
        "coordinates": [
          55.75576400756836,
          26.97288131713867
        ]
      },
      "sog": 0,
      "navs": 15,
      "course": 218.1000061035156
    }
  },
  {
    "_id": "5498517bb68ca1ede0613b96",
    "lastpos": {
      "ts": "2015-10-11T05:22:56.000Z",
      "geometry": {
        "type": "Point",
        "coordinates": [
          29.09532928466797,
          41.26586151123047
        ]
      },
      "sog": 8.199999809265137,
      "navs": 99,
      "course": 302.8999938964844
    }
  },
  {
    "_id": "5498517bb68ca1ede0613ce0",
    "lastpos": {
      "ts": "2015-10-10T18:26:30.000Z",
      "geometry": {
        "type": "Point",
        "coordinates": [
          54.3749885559082,
          24.55056190490723
        ]
      },
      "sog": 11.19999980926514,
      "navs": 99,
      "course": 121.3000030517578
    }
  },
  {
    "_id": "5498517bb68ca1ede0613d1f",
    "lastpos": {
      "ts": "2015-10-11T05:32:55.000Z",
      "geometry": {
        "type": "Point",
        "coordinates": [
          29.28217124938965,
          40.8546257019043
        ]
      },
      "sog": 0,
      "navs": 15,
      "course": 58
    }
  },
  {
    "_id": "5498517bb68ca1ede0613d81",
    "lastpos": {
      "ts": "2015-10-11T05:20:27.000Z",
      "geometry": {
        "type": "Point",
        "coordinates": [
          28.8937931060791,
          40.98089981079102
        ]
      },
      "sog": 0.1000000014901161,
      "navs": 99,
      "course": 0
    }
  },
  {
    "_id": "5498517bb68ca1ede0613e92",
    "lastpos": {
      "ts": "2015-10-11T05:25:59.000Z",
      "geometry": {
        "type": "Point",
        "coordinates": [
          34.69659805297852,
          36.80672836303711
        ]
      },
      "sog": 0,
      "navs": 99,
      "course": 0
    }
  },
  {
    "_id": "5498517bb68ca1ede0613edb",
    "lastpos": {
      "ts": "2015-10-11T05:20:55.000Z",
      "geometry": {
        "type": "Point",
        "coordinates": [
          29.17376708984375,
          41.23321914672852
        ]
      },
      "sog": 0.8999999761581421,
      "navs": 99,
      "course": 229.6000061035156
    }
  },
  {
    "_id": "5498517bb68ca1ede0613ede",
    "lastpos": {
      "ts": "2015-10-11T05:18:11.000Z",
      "geometry": {
        "type": "Point",
        "coordinates": [
          29.51195907592773,
          40.74256134033203
        ]
      },
      "sog": 8.699999809265137,
      "navs": 99,
      "course": 7.900000095367432
    }
  },
  {
    "_id": "5498517bb68ca1ede0613f7b",
    "lastpos": {
      "ts": "2015-10-11T05:27:39.000Z",
      "geometry": {
        "type": "Point",
        "coordinates": [
          25.23491859436035,
          37.12480926513672
        ]
      },
      "sog": 0.1000000014901161,
      "navs": 99,
      "course": 108.4000015258789
    }
  },
  {
    "_id": "5498517bb68ca1ede0613f8c",
    "lastpos": {
      "ts": "2015-10-10T15:43:19.000Z",
      "geometry": {
        "type": "Point",
        "coordinates": [
          29.04606628417969,
          41.16072082519531
        ]
      },
      "sog": 0,
      "navs": 99,
      "course": 170.1000061035156
    }
  },
  {
    "_id": "54bf8265e4b0ff0563cd254c",
    "lastpos": {
      "ts": "2015-10-11T05:24:31.000Z",
      "geometry": {
        "type": "Point",
        "coordinates": [
          -66.28524017333984,
          43.87575531005859
        ]
      },
      "sog": 6.099999904632568,
      "navs": 99,
      "course": 332.1000061035156
    }
  }
]
